"Pray for the people in the Bahamas. Being hit like never before Category 5.  Almost 200 MPH winds.,09-01-2019 19:35:40"
"“We hold that legislative prayer is government speech not open to attack via those channels.” Third Circuit Court of Appeals. “Lou that’s why this next Election is so important the soul of America. They want to take religion out of American lives. Thank God for judges like....,09-02-2019 00:53:33"
".....this (Judge Thomas Ambro Majotity Opinion) and thank God for a President like Donald J. Trump who will appoint judges like this. He will soon have appointed 180 new Federal Judges not even including two great new Supreme Court Justices.” @robertjeffress @LouDobbs,09-02-2019 00:53:34"
"“When you put everything together the pro growth Tax &amp; Regulation Cuts help to retrain workers the Tariffs which encourage manufacturers to come back to America along with President Trumps tough approach on immigration (strong stance on illegals promoting Merit Based) it...,09-02-2019 11:36:41"
"....adds up to the most ambitious Pro-Worker policy agenda this Country has ever seen. The President promised Jobs Jobs Jobs and that is exactly what he is delivering.” @SteveHiltonx @NextRevFNC @FoxNews,09-02-2019 11:36:41"
"Since my election many trillions of dollars of worth has been created for our Country and the Stock Market is up over 50%. If you followed the advice of the Failing New York Times columnist Paul Krugman you’d be doing VERY poorly - you’d be angry and hurt. He never got it!,09-02-2019 11:38:59"
"Just watched AFL-CIO President Richard Trumka on @FoxNews and thought to myself how different he is on TV than he is when he is with me at the White House. Likes what we are doing until the cameras go on. We got robbed on Trade and everything else while his Dems just sat back....,09-02-2019 11:46:58"
"....and watched. NAFTA is the worst Trade Deal ever made - terrible for labor - and Richard let it stand. No wonder unions are losing so much. The workers will vote for me in 2020 (lowest unemployment most jobs ever) and should stop paying exorbitant $Dues not worth it!,09-02-2019 11:46:58"
"“They are liars and in my opinion TRAITORS!” @LouDobbs talking about Comey and his dwindling group of friends.,09-02-2019 11:49:18"
"“The last three years of Trump policy have finally brought real hope and real change. Unemployment this year hit a 50 year low. With President Trump we’ve seen the lowest EVER African American and Hispanic unemployment. The booming Trump Economy has pushed up workers wages....,09-02-2019 11:57:39"
"....Average hourly wages growth has far outpaced what we saw with President Obama. Across all industries from mining and construction to leisure &amp; hospitality With President Trump we see income growth in states like Iowa Ohio Pennsylvania Wisconsin Nevada Florida......,09-02-2019 11:57:40"
"....swing states that went to Trump in 2016 because he promised not to forget about them like the establishment had done for decades and their trust in President Trump paid off as they saw their incomes rise...And it’s the lowest paid workers who have gained the most with....,09-02-2019 11:57:40"
"....Trump Economics. With President Trump Tariffs are bringing companies back to the USA like he said they would! @SteveHiltonx,09-02-2019 11:57:40"
"The Amazon Washington Post did a story that I brought racist attacks against the “Squad.” No they brought racist attacks against our Nation. All I do is call them out for the horrible things they have said. The Democrats have become the Party of the Squad!,09-02-2019 12:09:56"
"The LameStream Media has gone totally CRAZY! They write whatever they want seldom have sources (even though they say they do) never do “fact checking” anymore and are only looking for the “kill.” They take good news and make it bad. They are now beyond Fake they are Corrupt..,09-02-2019 12:22:10"
"....The good news is that we are winning. Our real opponent is not the Democrats or the dwindling number of Republicans that lost their way and got left behind our primary opponent is the Fake News Media. In the history of our Country they have never been so bad!,09-02-2019 12:22:11"
"https://t.co/h5EMpC8hCo,09-02-2019 17:56:35"
"“Brazil will allow more American Ethanol to enter the country without Tariffs a decision that Brazilian mills are celebrating. The seemingly counter-intuitive reaction stems from the tone of ongoing negotiations between the South American nation and the U.S. for a....,09-02-2019 21:58:14"
"....Trade Agreement.” @business @ChuckGrassley @joniernst  @debfisher @BenSasse Making great progress for our Farmers. Approved E-15 year round. Big additional list to be submitted and approved within two weeks. Will be even better for Ethanol and we save our small refineries!,09-02-2019 21:58:14"
"Such a phony hurricane report by lightweight reporter @jonathancarl of @ABCWorldNews. I suggested yesterday at FEMA that along with Florida Georgia South Carolina and North Carolina even Alabama could possibly come into play which WAS true. They made a big deal about this...,09-02-2019 23:12:29"
"....when in fact under certain original scenarios it was in fact correct that Alabama could have received some “hurt.” Always good to be prepared! But the Fake News is only interested in demeaning and belittling. Didn’t play my whole sentence or statement. Bad people!,09-02-2019 23:12:29"
"Such a phony hurricane report by lightweight reporter @jonkarl of @ABCWorldNews. I suggested yesterday at FEMA that along with Florida Georgia South Carolina and North Carolina even Alabama could possibly come into play which WAS true. They made a big deal about this...,09-02-2019 23:16:52"
"....when in fact under certain original scenarios it was in fact correct that Alabama could have received some “hurt.” Always good to be prepared! But the Fake News is only interested in demeaning and belittling. Didn’t play my whole sentence or statement. Bad people!,09-02-2019 23:16:52"
"“Brazil will allow more American Ethanol to enter the country without Tariffs a decision that Brazilian mills are celebrating. The seemingly counter-intuitive reaction stems from the tone of ongoing negotiations between the South American nation and the U.S. for a...,09-03-2019 02:37:54"
"...Trade Agreement.” @business @ChuckGrassley @joniernst @SenatorFischer @BenSasse Making great progress for our Farmers. Approved E-15 year round. Big additional list to be submitted &amp; approved within two weeks. Will be even better for Ethanol and we save our small refineries!,09-03-2019 02:37:54"
"We are doing very well in our negotiations with China. While I am sure they would love to be dealing with a new administration so they could continue their practice of “ripoff USA”($600 B/year)16 months PLUS is a long time to be hemorrhaging jobs and companies on a long-shot....,09-03-2019 13:12:02"
"....And then think what happens to China when I win. Deal would get MUCH TOUGHER! In the meantime China’s Supply Chain will crumble and businesses jobs and money will be gone!,09-03-2019 13:12:02"
"For all of the “geniuses” out there many who have been in other administrations and “taken to the cleaners” by China that want me to get together with the EU and others to go after China Trade practices remember the EU &amp; all treat us VERY unfairly on Trade also. Will change!,09-03-2019 13:33:16"
"Germany and so many other countries have negative interest rates “they get paid for loaning money” and our Federal Reserve fails to act! Remember these are also our weak currency competitors!,09-03-2019 13:45:24"
"The incompetent Mayor of London Sadique Kahn was bothered that I played a very fast round of golf yesterday. Many Pols exercise for hours or travel for weeks. Me I run through one of my courses (very inexpensive). President Obama would fly to Hawaii. Kahn should focus on....,09-03-2019 14:20:10"
"....”knife crime” which is totally out of control in London. People are afraid to even walk the streets. He is a terrible mayor who should stay out of our business!,09-03-2019 14:20:10"
"Based on the IG Report the whole Witch Hunt against me and my administration was a giant and illegal SCAM. The House of Representatives should now get back to work on drug prices healthcare infrastructure and all else. The Mueller Report showed No Collusion No Obstruction!,09-03-2019 14:28:41"
"The incompetent Mayor of London Sadiq Khan was bothered that I played a very fast round of golf yesterday. Many Pols exercise for hours or travel for weeks. Me I run through one of my courses (very inexpensive). President Obama would fly to Hawaii. Kahn should focus on....,09-03-2019 14:48:16"
"....”knife crime” which is totally out of control in London. People are afraid to even walk the streets. He is a terrible mayor who should stay out of our business!,09-03-2019 14:48:16"
"@NHC_Atlantic,09-03-2019 21:20:40"
"The U.S. may be getting a little bit lucky with respect to Hurricane Dorian but please don’t let down your guard. As it heads up the coast lots of very bad and unpredictable things can happen! On the other hand the Bahamas have been devastated. We are sending crews to help!,09-03-2019 21:39:52"
"At the request of Senator Thom Tillis I am getting the North Carolina Emergency Declaration completed and signed tonight. Hope you won’t need it!,09-04-2019 00:43:10"
"The truth is that we have a nation that is disgusted with the FBI. We have a crisis of confidence in the number one law enforcement agency in this country (thanks Comey!). @LouDobbs “It’s a scandal.” @AlanDersh,09-04-2019 00:53:15"
"“I am so tired of hearing the rationalization of the Left in the country because they hate Donald Trump. Inexplicably and without foundation they choose to hate America. The Democrats have truly become the party of hate.” @LouDobbs,09-04-2019 01:04:24"
"“To declassify is so important because if this were a Democrat President or a Democrat Candidate that was spied on the way President Trump was spied on this would be a scandal that would make Watergate look like nothing. Illegal spying.....,09-04-2019 01:39:25"
".....on the President of the United States.” @charliekirk11 @trish_regan,09-04-2019 01:39:26"
"“The Chinese are very adept at not accepting anything. You’ve got to be very tough and that’s what Trump is doing. It’s in China’s interest to correct and I think we’ll end up with a solution that’s dramatically better than we have today. Frankly I think the impact of what....,09-04-2019 13:44:01"
"....Trump is doing to China is not lost on the rest of the world. Europe has had among the most protectionist policies forever. They’re sitting there and saying gee are we next? Maybe you are! We’ve got to change the rules. The U.S. can’t defend the world and pay for it........,09-04-2019 13:44:01"
"....We can’t have a system where we run our entire economy for the benefit of other countries which have long charged us big tariffs. Don’t keep ducking the reality. The U.S. has been subject to Tariff Terrorism for 50 years. But a real deal can be done.” Sam Zell @joekernencnbc,09-04-2019 13:44:02"
"“U.S. Winning Trade War With China In Dollars.” CNBC,09-04-2019 13:52:58"
"“The Chinese are very adept at not accepting anything. You’ve got to be very tough and that’s what Trump is doing. It’s in China’s interest to correct and I think we’ll end up with a solution that’s dramatically better than we have today. Frankly I think the impact of what...,09-04-2019 14:18:04"
"....Trump is doing to China is not lost on the rest of the world. Europe has had among the most protectionist policies forever. They’re sitting there and saying gee are we next? Maybe you are! We’ve got to change the rules. The U.S. can’t defend the world and pay for it....,09-04-2019 14:18:05"
"....We can’t have a system where we run our entire economy for the benefit of other countries which have long charged us big tariffs. Don’t keep ducking the reality. The U.S. has been subject to Tariff Terrorism for 50 years. But a real deal can be done.” Sam Zell @JoeSquawk,09-04-2019 14:18:05"
"8 FACTS that #FakeNewsCNN will ignore in tonight’s “Climate Forum”,09-04-2019 21:08:57"
"1. Which country has the largest carbon emission reduction?AMERICA!2. Who has dumped the most carbon into the air?   CHINA!3. 91% of the world’s population are exposed to air pollution above the World Health Organization’s suggested level.   NONE ARE IN THE U.S.A.!,09-04-2019 21:08:58"
"4. The U.S. now leads the world in energy production...BUT... 5. Who's got the world's cleanest and safest air and water? AMERICA!,09-04-2019 21:08:58"
"6. The Democrats’ destructive “environmental” proposals will raise your energy bill and prices at the pump. Don't the Democrats care about fighting American poverty?,09-04-2019 21:08:58"
"7. The badly flawed Paris Climate Agreement protects the polluters hurts Americans and cost a fortune. NOT ON MY WATCH!8. I want crystal clean water and the cleanest and the purest air on the planet – we’ve now got that!,09-04-2019 21:08:58"
"State Rep Greg Murphy is running for Congress in North Carolina District 3. We really need Greg in Washington. He is great w/ the Military our Vets &amp; your 2A. Strong on Crime and the Border has had my Total Endorsement for a long time. Please vote for Greg on September 10th!,09-04-2019 21:47:56"
"This was the originally projected path of the Hurricane in its early stages. As you can see almost all models predicted it to go through Florida also hitting Georgia and Alabama. I accept the Fake News apologies! https://t.co/0uCT0Qvyo6,09-04-2019 22:23:51"
"“Absolutely nothing is more important than going back &amp; getting to the bottom of the origins of the investigation. We had an administration using America’s Spying Apparatus to spy on a political opponent at the height of a presidential election. Those are all known undisputed...,09-05-2019 00:49:29"
"....facts and that should terrify every American regardless of their political stripe. The idea that all of that information hasn’t already been revealed shows how dastardly these people are and how terrified they are about what’s going to happen when that....,09-05-2019 00:49:29"
"....information does come out.” Charlie Hurt Washington Times  @LouDobbs,09-05-2019 00:49:29"
"https://t.co/bxSiT2zQDj,09-05-2019 01:01:20"
"Thank you Terrence. Best Employment Numbers In History for African Americans! https://t.co/YCf2WT4XHt,09-05-2019 03:43:14"
"Thank you Rad - looking great! https://t.co/YeKXSNjKwW,09-05-2019 03:55:37"
"In the early days of the hurricane when it was predicted that Dorian would go through Miami or West Palm Beach even before it reached the Bahamas certain models strongly suggested that Alabama &amp; Georgia would be hit as it made its way through Florida &amp; to the Gulf....,09-05-2019 11:48:56"
"....Instead it turned North and went up the coast where it continues now. In the one model through Florida the Great State of Alabama would have been hit or grazed. In the path it took no. Read my FULL FEMA statement. What I said was accurate! All Fake News in order to demean!,09-05-2019 11:48:56"
"Bad “actress” Debra The Mess Messing is in hot water. She wants to create a “Blacklist” of Trump supporters &amp; is being accused of McCarthyism. Is also being accused of being a Racist because of the terrible things she said about blacks and mental illness. If Roseanne Barr....,09-05-2019 13:15:53"
"....said what she did even being on a much higher rated show she would have been thrown off television. Will Fake News NBC allow a McCarthy style Racist to continue? ABC fired Roseanne. Watch the double standard!,09-05-2019 13:15:54"
"Alabama was going to be hit or grazed and then Hurricane Dorian took a different path (up along the East Coast). The Fake News knows this very well. That’s why they’re the Fake News!,09-05-2019 13:39:49"
"Really Good Jobs Numbers!,09-05-2019 13:40:53"
"After almost 3 years in my Administration Jason Greenblatt will be leaving to pursue work in the private sector. Jason has been a loyal and great friend and fantastic lawyer....,09-05-2019 15:45:21"
"....His dedication to Israel and to seeking peace between Israel and the Palestinians won’t be forgotten. He will be missed. Thank you Jason!,09-05-2019 15:45:21"
"Just as I said Alabama was originally projected to be hit. The Fake News denies it! https://t.co/elJ7ROfm2p,09-05-2019 20:14:05"
"I was with you all the way Alabama. The Fake News Media was not! https://t.co/gO5pwahaj9,09-05-2019 20:18:07"
"Just talked to Governor Roy Cooper of North Carolina as Hurricane Dorian ominously comes up the East Coast. We are monitoring it at the @WhiteHouse ready to assist via our great team over at @FEMA who are already on site. We are with you all the way North Carolina. BE SAFE!,09-05-2019 23:27:29"
"Just spoke to Governor @HenryMcMaster of South Carolina regarding Hurricane Dorian. I informed Henry that we are monitoring South Carolina and stand by ready to assist. Be safe everyone we are totally with you!,09-05-2019 23:35:44"
"Just got off the phone with Governor Brian Kemp (@GovKemp) of Georgia. Happy to hear that things are looking good for everyone. I stand by ready to assist along with our great team at @FEMA – we’re with you ALL THE WAY!,09-05-2019 23:44:08"
"Great job done by @GovRonDesantis @SenRickScott Senator @MarcoRubio and all of the those from Florida that were so brilliantly involved including @FEMA @USCG Law Enforcement and First Responders. Thank you all!,09-05-2019 23:49:22"
"Looking forward to watching @SarahHuckabee Sanders tomorrow morning on @FoxandFriends by far the #1 rated show on Morning Cable at 8:30am. Sarah will be an incredible addition to @FoxNews!,09-06-2019 01:21:41"
"“I think President Trump is set in his ways because he doesn’t see any weakening. I mean look at the joblessness report today. What I’m surprised at is how strong the consumer is. I think the Chinese need it (a deal) more than we do. It’s statistical. I just think....,09-06-2019 03:33:33"
"....that our economy is very strong. If the Fed would lower rates to where the bond market says they should be then I really wouldn’t worry about a recession.” @jimcramer @JoeSquawk,09-06-2019 03:33:33"
"The Immigration Law Institute’s Christopher Hajec says “The Supreme Court has to look st whether DACA is lawful. What they are looking at now is whether Trump’s recision of DACA is lawful. Must consider lawfulness of DACA itself. Looks very odd that President Trump doesn’t.....,09-06-2019 12:08:23"
"....have the discretion to end the program that President Obama began in his discretion. That program was unlawful to begin with. I think it’s very unlikely that the SCOTUS is going to issue an order reinstating what it believes is an unlawful program. DACA Is unlawful.” .....,09-06-2019 12:08:24"
"....President Obama never had the legal right to sign DACA and he indicated so at the time of signing. But In any event how can he have the right to sign and I don’t have the right to “unsigned.” Totally illegal document which would actually give the President new powers.,09-06-2019 12:08:24"
"DACA will be going before the Supreme Court. It is a document that even President Obama didn’t feel he had the legal right to sign - he signed it anyway! Rest assured that if the SC does what all say it must based on the law a bipartisan deal will be made to the benefit of all!,09-06-2019 12:20:32"
"I agree with @jimcramer the Fed should lower rates. They were WAY too early to raise and Way too late to cut - and big dose quantitative tightening didn’t exactly help either. Where did I find this guy Jerome? Oh well you can’t win them all!,09-06-2019 12:22:25"
"Congratulations to @edhenry and his sister on a great success. What a wonderful thing to do!,09-06-2019 12:39:02"
"Great interview of Sarah Sanders by @foxandfriends. She is a terrific person with a great future!,09-06-2019 12:52:04"
"Our great @JudgeJeanine has just written a book that will add to the tremendous success of her last number one best seller. It’s called “Radicals Resistance and Revenge The Left’s Plot To Remake America.” It is a FANTASTIC book. Go get it! @foxandfriends,09-06-2019 13:10:12"
"Larry Kudlow on @Varneyco now!,09-06-2019 13:34:17"
"The Fake News Media was fixated on the fact that I properly said at the beginnings of Hurricane Dorian that in addition to Florida &amp; other states Alabama may also be grazed or hit. They went Crazy hoping against hope that I made a mistake (which I didn’t). Check out maps.....,09-06-2019 14:29:46"
"....This nonsense has never happened to another President. Four days of corrupt reporting still without an apology. But there are many things that the Fake News Media has not apologized to me for like the Witch Hunt or SpyGate! The LameStream Media and their Democrat.....,09-06-2019 14:29:46"
"....partner should start playing it straight. It would be so much better for our Country!,09-06-2019 14:29:47"
"Great job by FEMA Law Enforcement First Responders U.S. Coast Guard and ALL! Keep going we all appreciate what you are doing!,09-06-2019 14:35:48"
"The Economy is great. The only thing adding to “uncertainty” is the Fake News!,09-06-2019 14:38:38"
"“China is eating the Tariffs.” Billions pouring into USA. Targeted Patriot Farmers getting massive Dollars from the incoming Tariffs! Good Jobs Numbers No Inflation(Fed). China having worst year in decades. Talks happening good for all!,09-06-2019 15:14:20"
"https://t.co/J3aTzBG7ao,09-06-2019 21:39:07"
"https://t.co/tsIMIawIxh,09-06-2019 22:07:02"
"“The Washington Post’s Lost Summer” https://t.co/jHkZyiJwZL,09-06-2019 22:10:43"
"The @USCG @FEMA and all others along with other countries that have been helping have been asked to move people in the badly hit sections of the Bahamas to other sections of the Bahamas....,09-06-2019 23:56:46"
"....that were not hit – and that are in good condition. Any cruise ship companies willing to act as stationary housing etc. I am sure would be appreciated!,09-06-2019 23:56:47"
"https://t.co/sQ70fKcTjV,09-07-2019 00:28:21"
"PROMISES MADE PROMISES KEPT! https://t.co/chGpYgkmo7,09-07-2019 02:45:46"
"China just enacted a major stimulus plan. With all the Tariffs THEY are paying to the USA Billions and Billions of Dollars they need it! In the meantime our Federal Reserve sits back and does NOTHING!,09-07-2019 03:05:01"
"Thank you to Bahamian Prime Minister Hubert Minnis for your very gracious and kind words in saying that without the help of the United States and me their would have been many more casualties. I give all credit to FEMA the U.S. Coast Guard &amp; the brave people of the Bahamas..,09-07-2019 10:39:43"
"....I would also like to thank “Papa” Doug Manchester hopefully the next Ambassador to the Bahamas for the incredible amount of time money and passion he has spent on helping to bring safety to the Bahamas. Much work to be done by the Bahamian Government. We will help! @OANN,09-07-2019 10:39:44"
"I want to congratulate @senatemajldr Mitch McConnell and all Republicans. Today I signed the 160th Federal Judge to the Bench. Within a short period of time we will be at over 200 Federal Judges including many in the Appellate Courts &amp; two great new U.S. Supreme Court Justices!,09-07-2019 10:52:36"
"The Washington Post’s @PhilipRucker (Mr. Off the Record) &amp; @AshleyRParker two nasty lightweight reporters shouldn’t even be allowed on the grounds of the White House because their reporting is so DISGUSTING &amp; FAKE. Also add the appointment of MANY Federal Judges this Summer! https://t.co/7d33tzKxXq,09-07-2019 11:08:27"
"“In 22 years of patrolling our Southern Border I have never seen Mexico act like a true Border Security Partner until President Trump got involved and now they are stepping up to the plate and doing what they need to do.” Brandon Judd National Border Patrol,09-07-2019 13:14:46"
"Russia and Ukraine just swapped large numbers of prisoners. Very good news perhaps a first giant step to peace. Congratulations to both countries!,09-07-2019 13:48:36"
"Thank you Katie. The U.S. is doing great! https://t.co/FT2ERbVPf6,09-07-2019 13:51:21"
"Congratulations to the GREAT Jerry West! https://t.co/BD6FUD6JwP https://t.co/tNMJCRD4ft,09-07-2019 15:11:21"
"JOBS JOBS JOBS! https://t.co/NeTvaaeVTR,09-07-2019 19:42:27"
"Our Economy is doing great!!!!! https://t.co/JnnEbyWQek,09-07-2019 19:58:37"
"The Failing New York Times stated in an article written by Obama flunky Peter Baker (who lovingly wrote Obama book)”Even after the President forecast the storm to include Alabama.” THIS IS NOT TRUE. I said VERY EARLY ON that it MAY EVEN hit Alabama. A BIG DIFFERENCE.....,09-07-2019 20:44:53"
"...FAKE NEWS. I would like very much to stop referring to this ridiculous story but the LameStream Media just won’t let it alone. They always have to have the last word even though they know they are defrauding &amp; deceiving the public. The public knows that the Media is corrupt!,09-07-2019 20:44:54"
"Unbeknownst to almost everyone the major Taliban leaders and separately the President of Afghanistan were going to secretly meet with me at Camp David on Sunday. They were coming to the United States tonight. Unfortunately in order to build false leverage they admitted to..,09-07-2019 22:51:17"
"....an attack in Kabul that killed one of our great great soldiers and 11 other people. I immediately cancelled the meeting and called off peace negotiations. What kind of people would kill so many in order to seemingly strengthen their bargaining position? They didn’t they....,09-07-2019 22:51:18"
"....only made it worse! If they cannot agree to a ceasefire during these very important peace talks and would even kill 12 innocent people then they probably don’t have the power to negotiate a meaningful agreement anyway. How many more decades are they willing to fight?,09-07-2019 22:51:18"
"https://t.co/QeUbwdsWfr,09-08-2019 03:57:23"
"Leakin’ Lyin’ James Comey! https://t.co/0qr5BcbRcl,09-08-2019 04:06:31"
"WE ARE BUILDING THE WALL... https://t.co/OQQaag2ZUW,09-08-2019 16:56:32"
"Looking forward to being in the North Carolina tomorrow night. We’re having a BIG RALLY for a great guy Dan Bishop. Strong on Crime Borders your Military and our Vets we need Dan Bishop in Washington badly. His opponent is WEAK on Crime Borders and against your 2nd A.,09-08-2019 19:34:04"
"Congratulations to @JudgeJeanine Pirro on having again the Number One Best Selling Book!,09-08-2019 19:52:20"
"https://t.co/NeTvaaeVTR,09-09-2019 02:17:38"
"When all of the people pushing so hard for Criminal Justice Reform were  unable to come even close to getting it done they came to me as a group and asked for my help. I got it done with a group of Senators &amp; others who would never have gone for it. Obama couldn’t come close....,09-09-2019 03:11:53"
"....A man named @VanJones68 and many others were profusely grateful (at that time!). I SIGNED IT INTO LAW no one else did &amp; Republicans deserve much credit. But now that it is passed people that had virtually nothing to do with it are taking the praise. Guys like boring.....,09-09-2019 03:11:53"
"....musician @johnlegend and his filthy mouthed wife are talking now about how great it is - but I didn’t see them around when we needed help getting it passed. “Anchor”@LesterHoltNBC doesn’t even bring up the subject of President Trump or the Republicans when talking about....,09-09-2019 03:11:53"
".....the importance or passage of Criminal Justice Reform. They only talk about the minor players or people that had nothing to do with it...And the people that so desperately sought my help when everyone else had failed all they talk about now is Impeaching President Trump!,09-09-2019 03:11:53"
"Maria &amp; John understood the dishonesty &amp; deception from the very beginning! https://t.co/kyYx4S56Z0,09-09-2019 10:21:06"
"North Carolina vote for Dan Bishop tomorrow. We need him badly in Washington! His opponent is a far left Sanctuary Cities supporter.,09-09-2019 10:51:05"
"When the former Governor of the Great State of South Carolina @MarkSanford was reported missing only to then say he was away hiking on the Appalachian Trail then was found in Argentina with his Flaming Dancer friend it sounded like his political career was over. It was....,09-09-2019 10:58:25"
"...but then he ran for Congress and won only to lose his re-elect after I Tweeted my endorsement on Election Day for his opponent. But now take heart he is back and running for President of the United States. The Three Stooges all badly failed candidates will give it a go!,09-09-2019 10:58:26"
"House Republicans should allow Chairs of Committees to remain for longer than 6 years. It forces great people and real leaders to leave after serving. The Dems have unlimited terms. While that has its own problems it is a better way to go. Fewer people in the end will leave!,09-09-2019 11:08:24"
"94% Approval Rating in the Republican Party a record. Thank you!,09-09-2019 11:29:36"
"Great news that an activist investor is now involved with AT&amp;T. As the owner of VERY LOW RATINGS @CNN perhaps they will now put a stop to all of the Fake News emanating from its non-credible “anchors.” Also I hear that because of its bad ratings it is losing a fortune.....,09-09-2019 13:01:41"
"...But most importantly @CNN is bad for the USA. Their International Division spews bad information &amp; Fake News all over the globe. This is why foreign leaders are always asking me “Why does the Media hate the U.S. sooo much?” It is a fraudulent shame &amp; all comes from the top!,09-09-2019 13:01:41"
"As bad as @CNN is Comcast MSNBC is worse. Their ratings are also way down because they have lost all credibility. I believe their stories about me are not 93% negative but actually 100% negative. They are incapable of saying anything positive despite all of the great things...,09-09-2019 13:23:22"
"..that this Administration has done. They don’t talk about the great economy the big tax and regulation cuts the rebuilding of the Military “Choice” at our VA our Vets Judges and Supreme Court Justices the Border Wall going up lowest crime numbers 2nd A and so much more!,09-09-2019 13:23:23"
"The Trump Administrations has achieved more in the first 2 1/2 years of its existence than perhaps any administration in the history of our Country. We get ZERO media credit for what we have done and are doing but the people know and that’s all that is important!,09-09-2019 13:27:21"
"I know nothing about an Air Force plane landing at an airport (which I do not own and have nothing to do with) near Turnberry Resort (which I do own) in Scotland and filling up with fuel with the crew staying overnight at Turnberry (they have good taste!). NOTHING TO DO WITH ME,09-09-2019 13:43:46"
"I had nothing to do with the decision of our great @VP Mike Pence to stay overnight at one of the Trump owned resorts in Doonbeg Ireland. Mike’s family has lived in Doonbeg for many years and he thought that during his very busy European visit he would stop and see his family!,09-09-2019 13:52:47"
"The Trump Administration has achieved more in the first 2 1/2 years of its existence than perhaps any administration in the history of our Country. We get ZERO media credit for what we have done and are doing but the people know and that’s all that is important!,09-09-2019 14:55:59"
"A lot of Fake News is being reported that I overruled the VP and various advisers on a potential Camp David meeting with the Taliban. This Story is False! I always think it is good to meet and talk but in this case I decided not to. The Dishonest Media likes to create...,09-09-2019 17:49:44"
"...the look of turmoil in the White House of which there is none. I view much of the media as simply an arm of the Democrat Party. They are corrupt and they are extremely upset at how well our Country is doing under MY Leadership including...,09-09-2019 17:49:45"
"...the Economy where there is NO Recession much to the regret of the LameStream Media! They are working overtime to help the Democrats win in 2020 but that will NEVER HAPPEN Americans are too smart!,09-09-2019 17:49:47"
"We have been serving as policemen in Afghanistan and that was not meant to be the job of our Great Soldiers the finest on earth. Over the last four days we have been hitting our Enemy harder than at any time in the last ten years!,09-09-2019 17:56:23"
"To every one of the HEROES we recognized today — THANK YOU and God Bless You All! https://t.co/JWKwylpdiO,09-09-2019 20:08:40"
"Speaking to Governor @HenryMcMaster of South Carolina on my way to North Carolina for a big rally for Dan Bishop (@jdanbishop) running for Congress. Vote tomorrow! #NC09 https://t.co/KmrDd9JPOh,09-09-2019 21:34:41"
"Departing MCAS Cherry Point in North Carolina for Fayetteville North Carolina. This is amazing! https://t.co/JDv5HA126A,09-09-2019 21:47:41"
"Received an update on Air Force One at MCAS Cherry Point in North Carolina regarding damage caused by Hurricane Dorian. https://t.co/ogQRJ3iLmr,09-09-2019 22:49:21"
"NORTH CAROLINA — Vote for Dan Bishop in #NC09 and Greg Murphy in #NC03 TOMORROW. Make it a great day for Republicans!,09-09-2019 22:55:32"
"THANK YOU Fayetteville North Carolina! Make sure you get out and VOTE TOMORROW for Dan Bishop in #NC09 and Greg Murphy in #NC03!! https://t.co/4uwswuHB2u,09-10-2019 00:42:45"
"Beautiful evening in Fayetteville tonight! Big day in North Carolina tomorrow. Make sure you get out and VOTE for Dan Bishop in #NC09 and Greg Murphy in #NC03! https://t.co/bu296fHQab,09-10-2019 01:08:45"
"THANK YOU @USCG! GREAT JOB!! https://t.co/eEDn760Ogh,09-10-2019 02:51:26"
"Great job by the U.S. Coast Guard! https://t.co/MhJZgN0Yqc,09-10-2019 12:40:29"
"Last night in North Carolina was incredible! https://t.co/bEfd1v77Nf,09-10-2019 12:41:34"
"NORTH CAROLINA VOTE FOR DAN BISHOP TODAY. WE NEED HIM BADLY IN WASHINGTON!,09-10-2019 13:20:04"
"ABC/Washington Post Poll was the worst and most inaccurate poll of any taken prior to the 2016 Election. When my lawyers protested they took a 12 point down and brought it to almost even by Election Day. It was a Fake Poll by two very bad and dangerous media outlets. Sad!,09-10-2019 14:23:33"
"One of the greatest and most powerful weapons used by the Fake and Corrupt News Media is the phony Polling Information they put out. Many of these polls are fixed or worked in such a way that a certain candidate will look good or bad. Internal polling looks great the best ever!,09-10-2019 14:31:46"
"Vote today for Dan Bishop. Will be great for North Carolina and our Country!,09-10-2019 15:04:28"
"I informed John Bolton last night that his services are no longer needed at the White House. I disagreed strongly with many of his suggestions as did others in the Administration and therefore....,09-10-2019 15:58:25"
"....I asked John for his resignation which was given to me this morning. I thank John very much for his service. I will be naming a new National Security Advisor next week.,09-10-2019 15:58:26"
"Incredible progress being made at the Southern Border! https://t.co/xcqxKEkfGD,09-10-2019 22:12:36"
"One down one to go – Greg Murphy is projected to win in the Great State of North Carolina! #NC03,09-11-2019 00:48:19"
"Excellent interview by @CondoleezzaRice on @MarthaMaccallum on @FoxNews. Very interesting and secure perspective on life.,09-11-2019 00:49:36"
"I am pleased to endorse Governor Mike Parson of Missouri. He is very Popular Strong and knows what he is doing – he gets it! Based on the fact that Mike has announced he will run again in 2020 for Governor Mike Parson has my Complete and Total Endorsement!,09-11-2019 01:04:25"
"Senator Ben Sasse has done a wonderful job representing the people of Nebraska. He is great with our Vets the Military and your very important Second Amendment. Strong on Crime and the Border Ben has my Complete and Total Endorsement!,09-11-2019 01:23:36"
"Dan Bishop was down 17 points 3 weeks ago. He then asked me for help we changed his strategy together and he ran a great race. Big Rally last night. Now it looks like he is going to win. @CNN &amp; @MSNBC are moving their big studio equipment and to talent out. Stay tuned!,09-11-2019 02:25:16"
"Dan Bishop was down 17 points 3 weeks ago. He then asked me for help we changed his strategy together and he ran a great race. Big Rally last night. Now it looks like he is going to win. @CNN &amp; @MSNBC are moving their big studio equipment and talent out. Stay tuned!,09-11-2019 02:30:37"
"Greg Murphy is a big winner in North Carolina 03. Much bigger margins than originally anticipated. Congratulations Greg!,09-11-2019 02:35:16"
"BIG NIGHT FOR THE REPUBLICAN PARTY. CONGRATULATIONS TO ALL!,09-11-2019 02:38:47"
".@CNN &amp; @MSNBC were all set to have a BIG victory until Dan Bishop won North Carolina 09. Now you will hear them barely talk about or cover the race. Fake News never wins!,09-11-2019 03:11:35"
"https://t.co/eK7swFWq1A,09-11-2019 03:46:47"
"Alice @alicetweet Stewart: Thank you for the nice words while on @CNN concerning the TWO big Republican Congressional victories. You’d be great on a network with much higher ratings. Keep up the good work!,09-11-2019 04:31:29"
"Greg Murphy won big 62% to 37% in North Carolina 03 &amp; the Fake News barely covered the race. The win was far bigger than anticipated - there was just nothing the Fakers could say to diminish or demean the scope of this victory. So we had TWO BIG VICTORIES tonight Greg &amp; Dan!,09-11-2019 05:08:48"
"“China suspends Tariffs on some U.S. products. Being hit very hard supply chains breaking up as many companies move or look to move to other countries. Much more expensive to China than originally thought.” @CNBC  @JoeSquawk,09-11-2019 10:14:50"
"https://t.co/WqBj8iMQhx,09-11-2019 10:32:13"
"The Federal Reserve should get our interest rates down to ZERO or less and we should then start to refinance our debt. INTEREST COST COULD BE BROUGHT WAY DOWN while at the same time substantially lengthening the term. We have the great currency power and balance sheet.....,09-11-2019 10:42:13"
"....The USA should always be paying the the lowest rate. No Inflation! It is only the naïveté of Jay Powell and the Federal Reserve that doesn’t allow us to do what other countries are already doing. A once in a lifetime opportunity that we are missing because of “Boneheads.”,09-11-2019 10:42:13"
"In a hypothetical poll done by one of the worst pollsters of them all the Amazon Washington Post/ABC which predicted I would lose to Crooked Hillary by 15 points (how did that work out?) Sleepy Joe Pocahontas and virtually all others would beat me in the General Election....,09-11-2019 12:12:58"
"....This is a phony suppression poll meant to build up their Democrat partners. I haven’t even started campaigning yet and am constantly fighting Fake News like Russia Russia Russia. Look at North Carolina last night. Dan Bishop down big in the Polls WINS. Easier than 2016!,09-11-2019 12:12:58"
"If it weren’t for the never ending Fake News about me and with all that I have done (more than any other President in the first 2 1/2 years!) I would be leading the “Partners” of the LameStream Media by 20 points. Sorry but true!,09-11-2019 12:19:45"
"Leaving the White House soon to speak at the Pentagon. My great honor!,09-11-2019 12:21:36"
"Today and every day we pledge to honor our history to treasure our liberty to uplift our communities to live up to our values to prove worthy of our heroes and above all to NEVER FORGET. #Honor911 https://t.co/3xbEvl92py,09-11-2019 17:23:45"
"BIG United States Supreme Court WIN for the Border on Asylum! https://t.co/9Ka00qK1Ob,09-11-2019 22:47:46"
"At the request of the Vice Premier of China Liu He and due to the fact that the People's Republic of China will be celebrating their 70th Anniversary....,09-11-2019 23:17:18"
"....on October 1st we have agreed as a gesture of good will to move the increased Tariffs on 250 Billion Dollars worth of goods (25% to 30%) from October 1st to October 15th.,09-11-2019 23:17:19"
"I had an excellent telephone conversation with Andrés Manuel López Obrador President of Mexico talking about Southern Border Security and various other things of mutual interest for the people of our respective countries....,09-12-2019 00:23:15"
"....The Southern Border is becoming very strong despite the obstruction by Democrats not agreeing to do anything on Loopholes or Asylum!,09-12-2019 00:23:15"
"The Wall is being built after victories against the Democrats in various courts! https://t.co/aJr3Ia6c0c,09-12-2019 03:18:02"
"The Wall is going up very fast despite total Obstruction by Democrats in Congress and elsewhere! https://t.co/2nFIEFppho,09-12-2019 03:26:11"
"Thank you! https://t.co/zKSrmhsBhW,09-12-2019 03:30:59"
"Thank you Brandon! https://t.co/VfzWVHYIrU,09-12-2019 03:35:32"
"European Central Bank acting quickly Cuts Rates 10 Basis Points. They are trying and succeeding in depreciating the Euro against the VERY strong Dollar hurting U.S. exports.... And the Fed sits and sits and sits. They get paid to borrow money while we are paying interest!,09-12-2019 12:13:09"
"It is expected that China will be buying large amounts of our agricultural products!,09-12-2019 12:45:34"
"Some really big Court wins on the Border lately!,09-12-2019 13:05:59"
"“Dems have never gotten over the fact that President Trump won the Election!” @GOPLeader McCarthy,09-12-2019 13:08:38"
"“We can’t beat him so lets impeach him!” Democrat Rep. Al Green,09-12-2019 14:07:16"
"“This should have been over with after the Mueller Report came out.” @guypbenson @FoxNews,09-12-2019 14:15:19"
"In fact my views on Venezuela and especially Cuba were far stronger than those of John Bolton. He was holding me back! https://t.co/FUGc02xiac,09-12-2019 17:22:19"
"Hello Baltimore! https://t.co/Iz2aYj7rrC,09-12-2019 22:49:03"
"How do you impeach a President who has helped create perhaps the greatest economy in the history of our Country? All time best unemployment numbers especially for Blacks Hispanics Asians &amp; Women. More people working today than ever before. Rebuilt Military &amp; Choice for Vets...,09-13-2019 12:58:02"
"....Became Number 1 in World &amp; Independent in Energy. Will soon have record number of Judges 2 SC Justices. Done more than any President in first 2 1/2 years despite phony &amp; fraudulent Witch Hunt illegally led against him. WIN on Mueller Report Mueller Testimony &amp; James Comey..,09-13-2019 12:58:02"
"....IG Report which showed him to be a Disgraced &amp; Dirty Cop. Republicans have unified like never before. You don’t impeach Presidents for doing a good (great!) job. No Obstruction No Collusion only treasonous crimes committed by the other side and led by the Democrats. Sad!,09-13-2019 12:58:03"
"Illegal Immigration costs the USA over 300 Billion Dollars a year. There is no reason for this and things are being set in motion to have this number come WAY DOWN. Democrats could end Loopholes and it would be a whole lot easier and faster. But it will all happen anyway!....,09-13-2019 14:41:32"
"....VERY stupidly negotiated Trade Deals and Illegal Immigration are a tremendous cost and burden to our Country. They are BOTH coming along very well and someday in the not too distant future America will see a very positive change. Remember America First!,09-13-2019 14:41:33"
"The two big Congressional wins in North Carolina on Tuesday Dan Bishop and Greg Murphy have reverberated all over the World. They showed a lot of people how strong the Republican Party is and how well it is doing. 2020 is a big and very important Election. We will WIN!,09-13-2019 14:48:29"
"Historic Milestone indeed! https://t.co/Bn0jzvxz9Y,09-13-2019 20:33:07"
"Great news about the work we are doing on illegal immigration! https://t.co/ihTYQAYWxu,09-13-2019 22:08:21"
"While I like the Vaping alternative to Cigarettes we need to make sure this alternative is SAFE for ALL! Let’s get counterfeits off the market and keep young children from Vaping!,09-13-2019 22:35:26"
"“A Very Stable Genius!” Thank you.,09-14-2019 12:44:42"
"Who the hell is Joy-Ann Reid? Never met her she knows ZERO about me has NO talent and truly doesn’t have the “it” factor needed for success in showbiz. Had a bad reputation and now works for the Comcast/NBC losers making up phony stories about me. Low Ratings. Fake News!,09-14-2019 13:04:10"
"94% Approval Rating in the Republican Party! Tuesday night in the Great State of North Carolina proved that high and very beautiful number correct.,09-14-2019 13:08:54"
"MAKE AMERICA GREAT AGAIN!,09-14-2019 13:09:40"
"KEEP AMERICA GREAT!,09-14-2019 13:10:05"
"I had a call today with Prime Minister Netanyahu to discuss the possibility of moving forward with a Mutual Defense Treaty between the United States and Israel that would further anchor the tremendous alliance....,09-14-2019 14:57:35"
"....between our two countries. I look forward to continuing those discussions after the Israeli Elections when we meet at the United Nations later this month!,09-14-2019 14:57:35"
"I’m OK with that! https://t.co/LEp2Rv28ge,09-14-2019 18:35:29"
"The Taliban has never been hit harder than it is being hit right now. Killing 12 people including one great American soldier was not a good idea. There are much better ways to set up a negotiation. The Taliban knows they made a big mistake and they have no idea how to recover!,09-14-2019 19:02:46"
"Amazing! https://t.co/Nkn0zHIUCo,09-14-2019 19:15:57"
"That is true and the USA is Winning Again! https://t.co/WHO5NpCTLv,09-14-2019 20:56:01"
"My great honor! https://t.co/AhxG0SIUML,09-14-2019 20:57:01"
"Thank you! https://t.co/Bgsrl9vDvp,09-14-2019 22:08:48"
"Thank you Billy! https://t.co/jLHKzhZ0Jn,09-15-2019 12:17:20"
"All based on NOTHING! The Dems can’t get anything positive done and probably don’t want to. https://t.co/FuWI3XP6jm,09-15-2019 12:24:33"
"Now the Radical Left Democrats and their Partner the LameStream Media are after Brett Kavanaugh again talking loudly of their favorite word impeachment. He is an innocent man who has been treated HORRIBLY. Such lies about him. They want to scare him into turning Liberal!,09-15-2019 12:45:37"
"Brett Kavanaugh should start suing people for liable or the Justice Department should come to his rescue. The lies being told about him are unbelievable. False Accusations without recrimination. When does it stop? They are trying to influence his opinions. Can’t let that happen!,09-15-2019 12:54:08"
"Thank you @foxandfriends and @RepMarkMeadows. Great interview!,09-15-2019 13:25:06"
"Brett Kavanaugh should start suing people for libel or the Justice Department should come to his rescue. The lies being told about him are unbelievable. False Accusations without recrimination. When does it stop? They are trying to influence his opinions. Can’t let that happen!,09-15-2019 13:47:31"
"Can’t let Brett Kavanaugh give Radical Left Democrat (Liberal Plus) Opinions based on threats of Impeaching him over made up stories (sound familiar?) false allegations and lies. This is the game they play. Fake and Corrupt News is working overtime! #ProtectKavanaugh,09-15-2019 18:08:38"
"I am fighting the Fake (Corrupt) News the Deep State the Democrats and the few remaining Republicans In Name Only (RINOS who are on mouth to mouth resuscitation) with the help of some truly great Republicans and others. We are Winning big (150th Federal Judge this week)!,09-15-2019 18:20:29"
"Can’t believe the @washingtonpost wrote a positive front page story “Unity Issue Has Parties Pointing To Trump. GOP Goes All In While Democrats Clash Over Ideology &amp; Tactics. Mr. President We Are With You The Entire Way. REPUBLICANS Have....Coalesced Around Trump.”.....,09-15-2019 18:41:55"
"....Then on top of it all Kathleen Parker of all people wrote “In Case You Were Wondering Trump Won The Debate.” True but what is going on at the @washingtonpost? NOT Fake News!,09-15-2019 18:49:55"
"Based on the attack on Saudi Arabia which may have an impact on oil prices I have authorized the release of oil from the Strategic Petroleum Reserve if needed in a to-be-determined amount....,09-15-2019 21:55:21"
"....sufficient to keep the markets well-supplied. I have also informed all appropriate agencies to expedite approvals of the oil pipelines currently in the permitting process in Texas and various other States.,09-15-2019 21:55:22"
"Saudi Arabia oil supply was attacked. There is reason to believe that we know the culprit are locked and loaded depending on verification but are waiting to hear from the Kingdom as to who they believe was the cause of this attack and under what terms we would proceed!,09-15-2019 22:50:06"
"PLENTY OF OIL!,09-15-2019 22:50:42"
"Here we go again with General Motors and the United Auto Workers. Get together and make a deal!,09-15-2019 22:54:17"
"The Fake News is saying that I am willing to meet with Iran “No Conditions.” That is an incorrect statement (as usual!).,09-15-2019 23:02:16"
"“We cannot have what happened to this President happen again.” Joe DiGenova.  “It is time for Justice to come barreling in.” @LouDobbs  Can you imagine that with everything going on in this World the Witch Hunt though on a respirator is still whimpering along. A disgrace!,09-16-2019 00:31:58"
"House Judiciary has given up on the Mueller Report sadly for them after two years and $40000000 spent - ZERO COLLUSION ZERO OBSTRUCTION. So they say OK lets look at everything else and all of the deals that “Trump” has done over his lifetime. But it doesn’t....,09-16-2019 11:03:18"
"....work that way. I have a better idea. Look at the Obama Book Deal or the ridiculous Netflix deal. Then look at all the deals made by the Dems in Congress the “Congressional Slush Fund” and lastly the IG Reports. Take a look at them. Those investigations would be over FAST!,09-16-2019 11:03:18"
"The @nytimes. “This week the Senate passed a milestone in confirming the 150th Federal Judge of Mr. Trump’s Administration to a lifetime appointment far outstripping Barack Obama’s pace and fulfilling pledges by Mr. Trump and Mr. O’Connell to remake the Federal Judiciary....,09-16-2019 11:21:18"
".....’These Conservative Judicial appointments will impact our nation for years to come’ said Lindsey Graham Republican of South Carolina who leads the Judiciary Committee and who has been speeding through Trump nominees.” The entire Court System is changing at a record pace!,09-16-2019 11:21:18"
"Because we have done so well with Energy over the last few years (thank you Mr. President!) we are a net Energy Exporter &amp; now the Number One Energy Producer in the World. We don’t need Middle Eastern Oil &amp; Gas &amp; in fact have very few tankers there but will help our Allies!,09-16-2019 11:32:21"
"Producer prices in China shrank most in 3 years due to China’s big devaluation of their currency coupled with monetary stimulus. Federal Reserve not watching? Will Fed ever get into the game? Dollar strongest EVER! Really bad for exports. No Inflation...Highest Interest Rates...,09-16-2019 11:47:56"
"...The United States because of the Federal Reserve is paying a MUCH higher Interest Rate than other competing countries. They can’t believe how lucky they are that Jay Powell &amp; the Fed don’t have a clue. And now on top of it all the Oil hit. Big Interest Rate Drop Stimulus!,09-16-2019 11:47:57"
"“The New York Times walks back report on Kavanaugh assault claim.” @foxandfriends  The one who is actually being assaulted is Justice Kavanaugh - Assaulted by lies and Fake News! This is all about the LameStream Media working with their partner the Dems.,09-16-2019 12:06:37"
"“What’s happening to Justice Kavanaugh is a disgrace. This guy is not a good man he is a great man. He has to go to his church with his family while these terrible reports are being written about him a disgrace!” Dan Bongino @foxandfriends,09-16-2019 12:17:07"
"Just Out: “Kavanaugh accuser doesn’t recall incident.” @foxandfriends  DO YOU BELIEVE WHAT THESE HORRIBLE PEOPLE WILL DO OR SAY. They are looking to destroy and influence his opinions - but played the game badly. They should be sued!,09-16-2019 12:35:26"
"Remember when Iran shot down a drone saying knowingly that it was in their “airspace” when in fact it was nowhere close. They stuck strongly to that story knowing that it was a very big lie. Now they say that they had nothing to do with the attack on Saudi Arabia. We’ll see?,09-16-2019 13:15:57"
"“Democrats would rather talk about gun control than get something done.” Governor John Sununu @FoxNews @BillHemmer The big questions are will they “move the goalposts” and is this just a ploy to TAKE YOUR GUNS AWAY? I hope NOT on both counts but I’ll be able to figure it out!,09-16-2019 13:35:41"
"They failed on the Mueller Report they failed on Robert Mueller’s testimony they failed on everything else so now the Democrats are trying to build a case that I enrich myself by being President. Good idea except I will and have always expected to lose BILLIONS of DOLLARS..,09-16-2019 14:01:14"
"....for the privilege of being your President - and doing the best job that has been done in many decades. I am far beyond somebody paying for a hotel room for the evening or filling up a gas tank at an airport I do not own. These Radical Left Democrats are CRAZY! Obama Netflix?,09-16-2019 14:01:14"
"In a short while I will be presenting the New York @Yankees @MarianoRivera the greatest relief pitcher (Closer!) of all time with the Presidential Medal of Freedom in the East Room of the @WhiteHouse!,09-16-2019 17:59:08"
"Big crowd expected in New Mexico tonight where we will WIN. Your Border Wall is getting stronger each and every day — see you in a few hours! https://t.co/uuG2gu0tTg,09-16-2019 18:57:51"
"Thank you working hard! #KAG2020 https://t.co/CP32Vcx4he,09-16-2019 19:16:46"
"This afternoon at the @WhiteHouse it was my great honor to present our nation’s highest civilian honor the Presidential Medal of Freedom to American baseball legend @MarianoRivera. Congratulations on this extraordinary achievement Mo! https://t.co/nzOeqFNb3C,09-16-2019 19:26:52"
"Congratulations @MarianoRivera! https://t.co/ek4VGj0p0s,09-16-2019 20:59:38"
"“How many stories are wrong? Almost all of the stories the New York Times has done are inaccurate and wrong.” @greggutfeld  The New York Times should close its doors and throw away the keys. The women mentioned in the Kavanaugh story said she didn’t even remember the event.,09-16-2019 21:13:04"
"One my way to New Mexico — see you all shortly at the @StarCenter! #KAG2020 https://t.co/cW7EK6V229,09-16-2019 22:06:00"
"I call for the Resignation of everybody at The New York Times involved in the Kavanaugh SMEAR story and while you’re at it the Russian Witch Hunt Hoax which is just as phony! They’ve taken the Old Grey Lady and broken her down destroyed her virtue and ruined her reputation...,09-16-2019 22:40:52"
"...She can never recover and will never return to Greatness under current Management. The Times is DEAD long live The New York Times!,09-16-2019 22:40:53"
"On my way to New Mexico — see you all shortly at the @StarCenter! #KAG2020 https://t.co/a9V3ULY8bY https://t.co/zRQfrVUVtY,09-16-2019 22:48:30"
"KEEP AMERICA GREAT! https://t.co/oPWfjSGW22,09-16-2019 22:49:45"
"Beautiful evening in New Mexico with Great American Patriots! https://t.co/S8eDG3dAq0,09-17-2019 03:38:45"
"We are all united by the same love of Country the same devotion to family and the same profound faith that America is blessed by the eternal grace of ALMIGHTY GOD! Bound by these convictions we will campaign for every vote &amp; we will WIN the Great State of NEW MEXICO in 2020! https://t.co/BV5Wxs5GxE,09-17-2019 03:42:03"
"If you want to stop the drug smugglers human traffickers and vicious MS-13 gang members from threatening our communities and poisoning our youth you have only one choice — you must elect more REPUBLICANS! #KAG2020 https://t.co/L4neBV2SEo,09-17-2019 03:49:15"
"The New York Times is at its lowest point in its long and storied history. Not only is it losing a lot of money but it is a journalistic disaster being laughed at even in the most liberal of enclaves. It has become a very sad joke all all over the World. Witch Hunt hurt them...,09-17-2019 15:12:35"
"....”That story (Kavanaugh) is nowhere near the standard that should be met in publishing a story.” @brithume @FoxNews,09-17-2019 15:12:35"
"Just departed New Mexico for California where we are delivering results! https://t.co/EKWzgjTXyd,09-17-2019 17:05:54"
"Such a beautiful Opening Statement by Corey Lewandowski! Thank you Corey! @CLewandowski_,09-17-2019 17:49:00"
"https://t.co/wrEmfGFRHm https://t.co/q8LC0G4cyZ,09-17-2019 18:22:54"
"The New York Times is now blaming an editor for the horrible mistake they made in trying to destroy or influence Justice Brett Kavanaugh. It wasn’t the editor the Times knew everything. They are sick and desperate losing in so many ways!,09-17-2019 23:58:37"
"No Lindsey it was a sign of strength that some people just don’t understand! https://t.co/EU8AvfH7j9,09-18-2019 00:06:05"
"As Corey Lewandowski stated very clearly yesterday in front of the House Judiciary Committee President Trump didn’t do anything wrong or illegal. But they all know that. The Democrats are hurting our Country and getting nothing done. Shameful! @CLewandowski_  @foxandfriends,09-18-2019 11:08:47"
"The Witch Hunt is the greatest political scam in U.S. history! #MAGA https://t.co/dKExRVOFJt,09-18-2019 11:28:35"
"Thank you Corey! https://t.co/r62DmJ2vMw,09-18-2019 11:45:49"
"Great! https://t.co/gApV8E14PW,09-18-2019 11:47:12"
"Dummy Beto made it much harder to make a deal. Convinced many that Dems just want to take your guns away. Will continue forward! https://t.co/87jvaYUkyn,09-18-2019 11:55:05"
"IIhan Omar a member of AOC Plus 3 will win us the Great State of Minnesota. The new face of the Democrat Party! https://t.co/aQFEygSa4D,09-18-2019 12:14:51"
"Terrence K. Williams “You can’t impeach Trump for being a winner!”,09-18-2019 12:21:57"
"So nice that our Country is now Energy Independent. The USA is in better shape than ever before. Strongest Military by far biggest Economy (no longer even close) number one in Energy! MAGA = KAG!,09-18-2019 12:45:28"
"I have just instructed the Secretary of the Treasury to substantially increase Sanctions on the country of Iran!,09-18-2019 12:53:30"
"I am pleased to announce that I will name Robert C. O’Brien currently serving as the very successful Special Presidential Envoy for Hostage Affairs at the State Department as our new National Security Advisor. I have worked long &amp; hard with Robert. He will do a great job!,09-18-2019 13:23:27"
"The Trump Administration is revoking California’s Federal Waiver on emissions in order to produce far less expensive cars for the consumer while at the same time making the cars substantially SAFER. This will lead to more production because of this pricing and safety......,09-18-2019 15:19:24"
".... advantage and also due to the fact that older highly polluting cars will be replaced by new extremely environmentally friendly cars. There will be very little difference in emissions between the California Standard and the new U.S. Standard but the cars will be....,09-18-2019 15:19:24"
"....far safer and much less expensive. Many more cars will be produced under the new and uniform standard meaning significantly more JOBS JOBS JOBS! Automakers should seize this opportunity because without this alternative to California you will be out of business.,09-18-2019 15:19:25"
"Happy 72nd Birthday to our GREAT @USAirForce! #HBDUSAF https://t.co/wVj99MgmAS https://t.co/n3mznw9pd5,09-18-2019 16:00:07"
"Jay Powell and the Federal Reserve Fail Again. No “guts” no sense no vision!  A terrible communicator!,09-18-2019 18:25:07"
"https://t.co/o0gDblBQzI,09-18-2019 21:35:07"
"https://t.co/G4cX8yFTWh,09-18-2019 21:35:26"
"Thank you! https://t.co/hScbURTzMJ,09-19-2019 00:35:44"
"All Polls and some brand new Polls show very little support for impeachment. Such a waste of time especially with sooo much good that could be done including prescription drug price reduction healthcare infrastructure etc.,09-19-2019 01:42:52"
"GREAT progress on the Border Wall! https://t.co/TvOYxgsBSv,09-19-2019 02:05:11"
"Another Fake News story out there - It never ends! Virtually anytime I speak on the phone to a foreign leader I understand that there may be many people listening from various U.S. agencies not to mention those from the other country itself. No problem!,09-19-2019 14:47:30"
"....Knowing all of this is anybody dumb enough to believe that I would say something inappropriate with a foreign leader while on such a potentially “heavily populated” call. I would only do what is right anyway and only do good for the USA!,09-19-2019 14:47:30"
"Presidential Harassment!,09-19-2019 14:51:11"
"Because of my Administration drug prices are down for the first time in almost 50 years — but the American people need Congress to help. I like Sen. Grassley’s drug pricing bill very much and it’s great to see Speaker Pelosi’s bill today. Let’s get it done in a bipartisan way!,09-19-2019 21:42:12"
"Nice meeting with Mark Zuckerberg of @Facebook in the Oval Office today. https://t.co/k5ofQREfOc https://t.co/jNt93F2BsG,09-20-2019 00:03:06"
"Great news. @MariaBartiromo just renewed her deal with Fox. I don’t care how much they paid her they got a beautiful bargain. Congratulations to both!,09-20-2019 02:09:59"
"“The U.S. Economy is the envy of the world as Europe and Asia slide ever toward recession. But the Left is trying to avoid talking about the Trump Economy.” @IngrahamAngle  The Best Is Yet To Come.,09-20-2019 02:49:50"
"Oh no really big political news perhaps the biggest story in years! Part time Mayor of New York City  @BilldeBlasio who was polling at a solid ZERO but had tremendous room for growth has shocking dropped out of the Presidential race. NYC is devastated he’s coming home!,09-20-2019 12:02:26"
"The Radical Left Democrats and their Fake News Media partners headed up again by Little Adam Schiff and batting Zero for 21 against me are at it again! They think I may have had a “dicey” conversation with a certain foreign leader based on a “highly partisan” whistleblowers..,09-20-2019 12:27:52"
"....statement. Strange that with so many other people hearing or knowing of the perfectly fine and respectful conversation that they would not have also come forward. Do you know the reason why they did not? Because there was nothing said wrong it was pitch perfect!,09-20-2019 12:27:53"
"???????? https://t.co/LsGz56Zc1s,09-20-2019 19:36:05"
"Thank you working hard! https://t.co/dDVWjm95iP,09-20-2019 20:35:37"
"Rachel Campos-Duffy has written a wonderful book for children “Paloma Wants To Be Lady Freedom.” She and her husband Sean Duffy have done so much for our Country. Buy this book - great for the kids! https://t.co/zCYW91OSOU,09-20-2019 20:55:41"
"I want to express my gratitude to America’s magnificent @FLOTUS for tonight’s exquisite evening where we celebrated more than a century of loyal and devoted friendship between????????Both of our nations are blessed by uncommon courage unfailing commitment and unyielding character! https://t.co/i61cHCZYlD,09-21-2019 04:11:00"
"The Fake News Media and their partner the Democrat Party want to stay as far away as possible from the Joe Biden demand that the Ukrainian Government fire a prosecutor who was investigating his son or they won’t get a very large amount of U.S. money so they fabricate a.....,09-21-2019 12:31:35"
"....story about me and a perfectly fine and routine conversation I had with the new President of the Ukraine. Nothing was said that was in any way wrong but Biden’s demand on the other hand was a complete and total disaster. The Fake News knows this but doesn’t want to report!,09-21-2019 12:31:36"
"This is the real and only story! https://t.co/4z8eOcm6PA,09-21-2019 12:53:55"
"Now that the Democrats and the Fake News Media have gone “bust” on every other of their Witch Hunt schemes they are trying to start one just as ridiculous as the others call it the Ukraine Witch Hunt while at the same time trying to protect Sleepy Joe Biden. Will fail again!,09-21-2019 14:02:16"
"https://t.co/t6O2yJlTc0,09-21-2019 16:57:31"
"https://t.co/elXWfWK7Kt,09-21-2019 18:04:19"
"Some of the best Economic Numbers our Country has ever experienced are happening right now. This is despite a Crooked and Demented Deep State and a probably illegal Democrat/Fake News Media Partnership the likes of which the world has never seen. MAKE AMERICA GREAT AGAIN!,09-21-2019 19:28:32"
"https://t.co/cdvbUMJxb9,09-21-2019 19:30:04"
"https://t.co/ytF18g7mL2,09-21-2019 21:10:48"
"https://t.co/LfXqfVEvx1,09-21-2019 21:11:33"
"“They’re trying to turn what was a Biden scandal into a Trump scandal.” @PeterScheeizer The problem is “Trump” did nothing wrong!,09-21-2019 21:38:54"
"“The pretend Ukraine scandal is an another malicious seditious effort to protect the Obama/Clinton gang. Criminal classified leaks and spying targeting Trump — again.” @TomFitton,09-21-2019 21:43:07"
"“It appears that an American spy in one of our intelligence agencies may have been spying on our own president. The complaint suggests that this intel agent was listening in on Trump’s conversation....,09-21-2019 21:47:50"
"....with a foreign leader. Was this person officially asked to listen to the conversation or was he or she secretly listening in?” @GreggJarrett,09-21-2019 21:47:50"
"“They’re trying to turn what was a Biden scandal into a Trump scandal.” @PeterSchweizer The problem is “Trump” did nothing wrong!,09-21-2019 21:50:08"
"“Ukraine Foreign Minister disputes reports of any pressure from Trump. This conversation was long friendly and it touched on many questions.” @NBCNews  Correct. If your looking for something done wrong just look at the tape of Sleepy Joe. He is being protected by the Media!,09-21-2019 22:47:22"
"The LameStream Media had a very bad week. They pushed numerous phony stories and got caught especially The Failing New York Times which has lost more money over the last 10 years than any paper in history and The Amazon Washington Post. They are The Enemy of the People!,09-22-2019 00:04:45"
"...The Fake News Media nowadays not only doesn’t check for the accuracy of the facts they knowingly make up the facts. They even make up sources in order to protect their partners the Democrats. It is so wrong but they don’t even care anymore. They have gone totally CRAZY!!!!,09-22-2019 00:04:46"
"“When someone gets nominated overwhelmingly and then wins the Election as he did then he gets to set the National Agenda. The press is just outrages. This @nytimes story is the most irresponsible thing I’ve ever seen.” @EdRollins @LouDobbs  I agree. They also lose too much!,09-22-2019 00:15:59"
"https://t.co/le48VOltE0,09-22-2019 01:49:00"
"“The real story involves Hunter Biden going around the world and collecting large payments from foreign governments and foreign oligarchs.” Peter Schweizer  Laura Ingraham Hunter made a fortune in Ukraine and in China. He knew nothing about Energy or anything else.,09-22-2019 13:39:19"
"“Go across the world and you’ll see either very low interest rates or negative rates. The President wants to be competitive with these other countries on this but I don’t think he’ll fire Jay Powell (even if I should!).” We should always be paying less interest than others!,09-22-2019 13:39:20"
"I go along with Joe! https://t.co/zVxBruUYF8,09-22-2019 13:39:21"
"“They are trying to destroy and influence Justice Kavanaugh a very good man.” @LindseyGrahamSC  100% correct and they should be fully exposed for what they are!,09-22-2019 14:29:04"
"Will be in Houston to be with my friend. Will be a great day in Texas! https://t.co/SqdOZfqd2b,09-22-2019 14:39:53"
"“The @nytimes is trying to make someone (Justice Kavanaugh) into an evil person when they don’t have the information to back it up. It is a false hoax.” @MZHemingway @MediaBuzzFNC  Zero people were fired at the Times. Why?,09-22-2019 15:22:23"
"Look forward to being with our great India loving community! https://t.co/RldaoFw0Uc,09-22-2019 15:28:48"
"Justice Kavanaugh should sue The Failing New York Times for all they are worth!,09-22-2019 15:34:01"
"https://t.co/heZ2mNSBUw,09-22-2019 18:11:17"
"The USA Loves India! https://t.co/xlfnWafxpg,09-22-2019 19:03:37"
"Incredible! https://t.co/SHs0RkxjzF,09-22-2019 19:05:45"
"https://t.co/J7g5L8LzrV,09-22-2019 23:42:10"
"Now the Fake News Media says I “pressured the Ukrainian President at least 8 times during my telephone call with him.” This supposedly comes from a so-called “whistleblower” who they say doesn’t even have a first hand account of what was said. More Democrat/Crooked Media con.....,09-23-2019 00:03:55"
"..Breaking News: The Ukrainian Government just said they weren’t pressured at all during the “nice” call. Sleepy Joe Biden on the other hand forced a tough prosecutor out from investigating his son’s company by threat of not giving big dollars to Ukraine. That’s the real story!,09-23-2019 00:03:56"
"Just leaving the Great State of Ohio for New York and a few big days at the United Nations. Your Country will be well represented!,09-23-2019 00:06:54"
"https://t.co/lYQkgU9G04,09-23-2019 03:03:47"
"“The very thing that they are accusing President Trump of doing (which I didn’t do) was actually done by Joe Biden. Continues to be a double standard.” @RepDevinNunes  @foxandfriends  These people are stone cold Crooked. Also who is this so-called “whistleblower” who doesn’t...,09-23-2019 15:29:08"
"....know the correct facts. Is he on our Country’s side. Where does he come from. Is this all about Schiff &amp; the Democrats again after years of being wrong?,09-23-2019 15:29:11"
"This is the real corruption that the Fake News Media refuses to even acknowledge! https://t.co/FCvUtWA33j,09-23-2019 19:37:27"
"Thank you working hard! https://t.co/1CpxcJOtha,09-23-2019 20:21:42"
"94% approval rating in the Republican Party. Thank you!,09-23-2019 22:44:25"
"#UNGA https://t.co/iIZugqjEhP,09-23-2019 23:15:15"
"“@FoxNews bombshell information reports that the so-called Whistleblower did not have firsthand knowledge of that phone conversation with Ukraine’s President.” Wow! @HARRISFAULKNER It is all a Democrat/Adam Schiff Scam! Doing this for 3 years now and found NOTHING!,09-23-2019 23:24:31"
"https://t.co/p5imhMJqS1,09-24-2019 00:37:02"
"She seems like a very happy young girl looking forward to a bright and wonderful future. So nice to see! https://t.co/1tQG6QcVKO,09-24-2019 03:36:12"
"True. A wonderful meeting! https://t.co/W9ByXaS8Qf,09-24-2019 04:02:04"
"Hopefully they will work it out and quickly! https://t.co/J2JGz6mfCW,09-24-2019 04:09:27"
"I am currently at the United Nations representing our Country but have authorized the release tomorrow of the complete fully declassified and unredacted transcript of my phone conversation with President Zelensky of Ukraine....,09-24-2019 18:12:09"
"....You will see it was a very friendly and totally appropriate call. No pressure and unlike Joe Biden and his son NO quid pro quo! This is nothing more than a continuation of the Greatest and most Destructive Witch Hunt of all time!,09-24-2019 18:12:11"
"THANK YOU! https://t.co/Ne2LOSAWpX,09-24-2019 18:51:25"
"The Democrats are so focused on hurting the Republican Party and the President that they are unable to get anything done because of it including legislation on gun safety lowering of prescription drug prices infrastructure etc. So bad for our Country!,09-24-2019 18:52:31"
"Such an important day at the United Nations so much work and so much success and the Democrats purposely had to ruin and demean it with more breaking news Witch Hunt garbage. So bad for our Country!,09-24-2019 21:08:01"
"Pelosi Nadler Schiff and of course Maxine Waters! Can you believe this?,09-24-2019 21:11:15"
"They never even saw the transcript of the call. A total Witch Hunt!,09-24-2019 21:14:05"
"PRESIDENTIAL HARASSMENT!,09-24-2019 21:17:42"
"https://t.co/1KOSnHguW2,09-24-2019 21:32:32"
"Secretary of State Pompeo recieved permission from Ukraine Government to release the transcript of the telephone call I had with their President. They don’t know either what the big deal is. A total Witch Hunt Scam by the Democrats!,09-24-2019 22:22:40"
"https://t.co/OFMzIMWpv1,09-24-2019 23:17:48"
"“Attorney For Anti-Trump ‘Whistleblower’ Worked For Hillary Clinton Chuck Schumer” https://t.co/yxQ5obwB6K,09-25-2019 02:26:39"
"“Mark Levin: Media trying to protect Biden ignoring MASSIVE DEMOCRAT SCANDAL” https://t.co/9Il7wHwQ7J,09-25-2019 02:35:04"
"They (Dems) are scrambling for a theme and narrative. They've gone everywhere from Russian Hoax to Russian Collusion...and now they've come to this...they think they should have won the 2016 election they think in their bizarre brains that they did... https://t.co/xqYFEAzT8D,09-25-2019 02:55:52"
"Thank you @JennaEllisRives -- totally agree! https://t.co/n3GDdAHLWh,09-25-2019 03:04:28"
"Sooooo true @LindseyGrahamSC! https://t.co/ZzFwXHV5ua,09-25-2019 03:17:40"
"“He (Trump) has already been suffering from this type of a Witch Hunt since before his Inauguration. If it’s not one thing it’s another. It’s a DISGRACE!” @pnjaban @LouDobbs https://t.co/9I9kXo2B8V,09-25-2019 03:34:49"
"Thank you @kevinomccarthy! https://t.co/DhcGpWEOME,09-25-2019 03:37:24"
"Thank you @LouDobbs and @JudgeJeanine! https://t.co/LdfGFvAJNF,09-25-2019 03:41:45"
"Great new book by the brilliant Andrew McCarthy BALL OF COLLUSION THE PLOT TO RIG AN ELECTION AND DESTROY A PRESIDENCY. Get it and some other great new books which I will soon be recommending. They tell you about the Crooked Pols and the Witch Hunt that has now been exposed!,09-25-2019 11:14:03"
"There has been no President in the history of our Country who has been treated so badly as I have. The Democrats are frozen with hatred and fear. They get nothing done. This should never be allowed to happen to another President. Witch Hunt!,09-25-2019 11:24:02"
"“The Democrats have been talking about Impeaching Donald Trump since before he was inaugurated.” @SteveDoocy  @foxandfriends  And for no reason other than the great success we are having with the Economy the Military Vets Tax and Regulation Cuts HealthCare and so much more!,09-25-2019 13:11:57"
"Will the Democrats apologize after seeing what was said on the call with the Ukrainian President? They should a perfect call - got them by surprise!,09-25-2019 13:17:46"
"https://t.co/coIrRDN33G,09-25-2019 13:59:22"
"“Democrats wrote to the Ukrainian government in May 2018 urging it to continue investigations into President Donald Trump’s alleged collusion with Russia in the 2016 presidential campaign — collusion later found NOT TO EXIST.” https://t.co/wYdRmpfddk,09-25-2019 14:58:08"
"“You don’t see a direct quid pro quo in this.” @BretBaier,09-25-2019 15:25:13"
"https://t.co/enifgzhUdC,09-25-2019 15:32:16"
"“He (President Trump) didn’t specifically mention the explicit quid pro quo of…unless you investigate this…we’re going to withhold military aid to you.” Pamela Brown,09-25-2019 15:56:50"
"https://t.co/VmHKZpuPs4,09-25-2019 16:06:15"
"https://t.co/U4PIG5LPlX,09-25-2019 16:33:29"
"Wow! “Ukraine Whistleblower’s lead attorney donated to Biden.” @FreeBeacon,09-25-2019 18:13:43"
"I have informed @GOPLeader Kevin McCarthy and all Republicans in the House that I fully support transparency on so-called whistleblower information but also insist on transparency from Joe Biden and his son Hunter on the millions of dollars that have been quickly and easily....,09-25-2019 20:17:32"
"....taken out of Ukraine and China. Additionally I demand transparency from Democrats that went to Ukraine and attempted to force the new President to do things that they wanted under the form of political threat.,09-25-2019 20:17:32"
"https://t.co/hkI6Su3hSR,09-25-2019 21:34:00"
"https://t.co/o88dILO9oU,09-26-2019 01:46:57"
"So true but it will never work! https://t.co/UEi4U4lpTs,09-26-2019 02:45:46"
"One of our best fundraising days EVER! https://t.co/zohH8Xm5ak,09-26-2019 02:46:57"
"So cute! Her father is under siege for no reason since his first day in office! https://t.co/8wtB3H4fth,09-26-2019 11:06:50"
"So bad for our Country! https://t.co/BzICeKn8hY,09-26-2019 11:08:44"
"If they actually did this the markets would crash. Do you think it was luck that got us to the best Stock Market and Economy in our history. It wasn’t! https://t.co/V0WGVWEWTN,09-26-2019 11:14:41"
"Thank you Jim! https://t.co/9ldr6iSdpl,09-26-2019 11:17:02"
"THE GREATEST SCAM IN THE HISTORY OF AMERICAN POLITICS!,09-26-2019 11:24:29"
"THE DEMOCRATS ARE TRYING TO DESTROY THE REPUBLICAN PARTY AND ALL THAT IT STANDS FOR. STICK TOGETHER PLAY THEIR GAME AND FIGHT HARD REPUBLICANS. OUR COUNTRY IS AT STAKE!,09-26-2019 12:41:20"
"“Is their a case for impeachment? Absolutely not!” There is no high crimes or misdemeanors no treason no extortion no treason.” RD Robert Ray respected,09-26-2019 13:19:35"
"“Is there a case for impeachment? Absolutely not! There is no high crime or misdemeanor no crime no extortion no treason.” Robert Ray  @FoxNews,09-26-2019 16:21:10"
"That and many other reasons is why Republicans will win North Carolina! https://t.co/m4GNvbp7oK,09-26-2019 16:37:35"
"A whistleblower with second hand information? Another Fake News Story! See what was said on the very nice no pressure call. Another Witch Hunt!,09-26-2019 16:43:07"
"Adam Schiff has zero credibility. Another fantasy to hurt the Republican Party!,09-26-2019 16:48:21"
"Liddle’ Adam Schiff who has worked unsuccessfully for 3 years to hurt the Republican Party and President has just said that the Whistleblower even though he or she only had second hand information “is credible.” How can that be with zero info and a known bias. Democrat Scam!,09-26-2019 18:13:15"
"Congratulations to my friend @SenShelby our powerful Appropriations Chairman for his hard work on many strong bills that continue to rebuild our military invest in border security and many other priorities. Good work and keep fighting you are winning!,09-26-2019 22:58:54"
"No one has done more behind the scenes for STRONG BORDER SECURITY than @SenCapito. Her bill passed Committee today with $5B for the BORDER WALL. West Virginia is a great State and Shelley gets it done. Keep it up!,09-26-2019 23:01:12"
"The President of Ukraine said that he was NOT pressured by me to do anything wrong. Can’t have better testimony than that! As V.P. Biden had his son on the other hand take out millions of dollars by strong arming the Ukrainian President. Also looted millions from China. Bad!,09-26-2019 23:02:38"
"Will be a GREAT and very accurate show tonight by @seanhannity on @foxnews (9:00 PM). Will play my full statement from Air Force One!,09-26-2019 23:24:46"
"https://t.co/TAJLOrpFZe,09-27-2019 00:02:46"
"https://t.co/6ggjWb5uJZ,09-27-2019 00:06:08"
"https://t.co/ck4ZWu3F2N,09-27-2019 00:06:36"
"So many lies by Sleepy Joe and the Do Nothing Democrats! https://t.co/MY1zkMvFQW,09-27-2019 00:30:26"
"https://t.co/MZdR4l1H4U,09-27-2019 03:03:36"
"https://t.co/tY8as4SYGY,09-27-2019 03:12:40"
"https://t.co/nnZWgUDKMT,09-27-2019 03:37:14"
"To show you how dishonest the LameStream Media is I used the word Liddle’ not Liddle in discribing Corrupt Congressman Liddle’ Adam Schiff. Low ratings @CNN purposely took the hyphen out and said I spelled the word little wrong. A small but never ending situation with CNN!,09-27-2019 11:02:42"
"Obama loving (wrote Obama book) Peter Baker of the Failing New York Times married to an even bigger Trump Hater than himself should not even be allowed to write about me. Every story is a made up disaster with sources and leakers that don’t even exist. I had a simple and very..,09-27-2019 11:20:25"
".....nice call with with the new President of Ukraine it could not have been better or more honorable and the Fake News Media and Democrats working as a team have fraudulently made it look bad. It wasn’t bad it was very legal and very good. A continuing Witch Hunt!,09-27-2019 11:20:26"
"Rep. Adam Schiff fraudulently read to Congress with millions of people watching a version of my conversation with the President of Ukraine that doesn’t exist. He was supposedly reading the exact transcribed version of the call but he completely changed the words to make it....,09-27-2019 11:41:59"
"....sound horrible an me sound guilty. HE WAS DESPERATE AND HE GOT CAUGHT. Adam Schiff therefore lied to Congress and attempted to defraud the American Public. He has been doing this for two years. I am calling for him to immediately resign from Congress based on this fraud!,09-27-2019 11:42:00"
"Rep. Adam Schiff fraudulently read to Congress with millions of people watching a version of my conversation with the President of Ukraine that doesn’t exist. He was supposedly reading the exact transcribed version of the call but he completely changed the words to make it...,09-27-2019 12:29:51"
"...sound horrible and me sound guilty. HE WAS DESPERATE AND HE GOT CAUGHT. Adam Schiff therefore lied to Congress and attempted to defraud the American Public. He has been doing this for two years. I am calling for him to immediately resign from Congress based on this fraud!,09-27-2019 12:29:51"
"https://t.co/lnNyGMleKJ,09-27-2019 12:58:45"
"Iran wanted me to lift the sanctions imposed on them in order to meet. I said of course NO!,09-27-2019 13:23:05"
"“IT WAS A PERFECT CONVERSATION WITH UKRAINE PRESIDENT!”,09-27-2019 13:25:16"
"Rep. Adam Schiff totally made up my conversation with Ukraine President and read it to Congress and Millions. He must resign and be investigated. He has been doing this for two years. He is a sick man!,09-27-2019 13:29:18"
"The Democrats are now to be known as the DO NOTHING PARTY!,09-27-2019 13:32:06"
"Sounding more and more like the so-called Whistleblower isn’t a Whistleblower at all. In addition all second hand information that proved to be so inaccurate that there may not have even been somebody else a leaker or spy feeding it to him or her? A partisan operative?,09-27-2019 13:42:57"
"If that perfect phone call with the President of Ukraine Isn’t considered appropriate then no future President can EVER again speak to another foreign leader!,09-27-2019 15:24:05"
"I AM DRAINING THE SWAMP! https://t.co/U7WxKrO6Kx,09-27-2019 19:41:18"
"https://t.co/SzT60K4sW3,09-28-2019 02:03:00"
"Thank you to General McMaster. Just more Fake News! https://t.co/kVR6Q0Qu6a,09-28-2019 03:55:17"
"Voter I.D. is the best way. Go for it Doug! https://t.co/D0HtwP2u59,09-28-2019 04:09:28"
"Can you imagine if these Do Nothing Democrat Savages people like Nadler Schiff AOC Plus 3 and many more had a Republican Party who would have done to Obama what the Do Nothings are doing to me. Oh well maybe next time!,09-28-2019 12:16:09"
"PRESIDENTIAL HARASSMENT!,09-28-2019 12:34:25"
"MAKE AMERICA GREAT AGAIN!,09-28-2019 12:35:34"
"KEEP AMERICA GREAT!,09-28-2019 12:35:58"
"They are trying to stop ME because I am fighting for YOU! https://t.co/xiw4jtjkNl,09-28-2019 21:14:45"
"How do you impeach a President who has created the greatest Economy in the history of our Country entirely rebuilt our Military into the most powerful it has ever been Cut Record Taxes &amp; Regulations fixed the VA &amp; gotten Choice for our Vets (after 45 years) &amp; so much more?...,09-28-2019 22:00:48"
"....The conversation with the new and very good Ukraine President who told the Fake News at the United Nations that HE WAS NOT PRESSURED BY ME IN ANY WAY SHAPE OR FORM should by and of itself bring an end to the new and most recent Witch Hunt. Others ended in ashes!,09-28-2019 22:00:48"
"The Whistleblower’s complaint is completely different and at odds from my actual conversation with the new President of Ukraine. The so-called “Whistleblower” knew practically NOTHING in that those ridiculous charges were far more dramatic &amp; wrong just like Liddle’ Adam Schiff..,09-28-2019 22:30:33"
"....fraudulently and illegally inserted his made up &amp; twisted words into my call with the Ukrainian President to make it look like I did something very wrong. He then boldly read those words to Congress and millions of people defaming &amp; libeling me. He must resign from Congress!,09-28-2019 22:30:35"
"WOW they got caught. End the Witch Hunt now! https://t.co/A5k3u9Rg3D,09-28-2019 22:39:41"
"It is disgraceful what the Do Nothing Democrats are doing (the Impeachment Scam) but it is also disgraceful what they are NOT doing namely the USMCA vote Prescription Drug Price Reduction Gun Safety Infrastructure and much more!,09-29-2019 01:53:28"
"The only people that don’t like my conversation with the new Ukrainian President are those that heard Rep. Adam Schiff read a made up and totally fraudulent statement to the House and public words that I did not say but that he fabricated (&amp; admitted to this fabrication). Sick!,09-29-2019 02:00:25"
"The Fake News doesn’t dare mention the corrupt Democrats! https://t.co/JIiOE2a2JF,09-29-2019 03:00:39"
"“These are Trumped-Up Charges.” @PeteHegseth  @foxandfriends,09-29-2019 12:22:28"
"Will happen to all of those seeking unlawful impeachment in 50 Trump type Districts. We will win big! https://t.co/aX5l9WrP1z,09-29-2019 12:29:36"
"https://t.co/w6o2JkaxZ7,09-29-2019 13:18:48"
"So great Mark! https://t.co/GbwEnkFmwe,09-29-2019 14:10:31"
"Investigating Corruption is correct! https://t.co/kqn3pOZfoE,09-29-2019 14:20:12"
"https://t.co/vuFsgolfVO,09-29-2019 15:18:44"
"Wishing a Happy New Year to all of those celebrating Rosh Hashanah in America Israel and around the World! https://t.co/fpyewMEZuI,09-29-2019 17:47:35"
"https://t.co/bzjqfhI6jn,09-29-2019 18:12:38"
"https://t.co/6S07ep4IdR,09-29-2019 18:15:22"
"Like every American I deserve to meet my accuser especially when this accuser the so-called “Whistleblower” represented a perfect conversation with a foreign leader in a totally inaccurate and fraudulent way. Then Schiff made up what I actually said by lying to Congress......,09-29-2019 22:53:42"
"His lies were made in perhaps the most blatant and sinister manner ever seen in the great Chamber. He wrote down and read terrible things then said it was from the mouth of the President of the United States. I want Schiff questioned at the highest level for Fraud &amp; Treason.....,09-29-2019 22:53:43"
"....In addition I want to meet not only my accuser who presented SECOND &amp; THIRD HAND INFORMATION but also the person who illegally gave this information which was largely incorrect to the “Whistleblower.” Was this person SPYING on the U.S. President? Big Consequences!,09-29-2019 22:53:44"
"These Radical Left Do Nothing Democrats are doing great harm to our Country. They are lying &amp; cheating like never before in our Country’s history in order to destabilize the United States of America &amp; it’s upcoming 2020 Election. They &amp; the Fake News Media are Dangerous &amp; Bad!,09-29-2019 23:07:18"
"“All that’s swirling around us now is Impeachment. We talk about it day and night it’s what’s on the news there is NOTHING that has turned up that is Impeachable. Our founding fathers set impeachment to be extremely rare. We need to get good stuff done. Let the people vote....,09-30-2019 00:22:14"
"....we are going to have an Election very shortly.” Rep. Jeff Van Drew Democrat of New Jersey. @foxandfriends  Thank you. Just another Witch Hunt by Nancy Pelosi and the Do Nothing Democrats!,09-30-2019 00:22:14"
"“State Department has stepped up Hillary Clinton Email probe.” @foxandfriends  You mean the 33000 Emails that she has deleted and acid washed so they can never be found even though she said that all 33000 pertained only to her daughter’s wedding and her Yoga!,09-30-2019 00:30:58"
"“Nancy Pelosi and the Democrats can’t put down the Impeachment match. They know they couldn’t beat him in 2016 against Hillary Clinton and they’re increasingly aware of the fact that they won’t win against him in 2020 and Impeachment is the only tool they have to get....,09-30-2019 01:11:53"
"....rid of Donald J. Trump - And the Democrats don’t care if they burn down and destroy this nation in the process. I have never seen the Evangelical Christians more angry over any issue than this attempt to illegitimately remove this President from office overturn the 2016....,09-30-2019 01:11:54"
"....Election and negate the votes of millions of Evangelicals in the process. They know the only Impeachable offense that President Trump has committed was beating Hillary Clinton in 2016. That’s the unpardonable sin for which the Democrats will never forgive him.....,09-30-2019 01:11:54"
"....If the Democrats are successful in removing the President from office (which they will never be) it will cause a Civil War like fracture in this Nation from which our Country will never heal.” Pastor Robert Jeffress @FoxNews,09-30-2019 01:11:55"
"https://t.co/CKRQNECvRu,09-30-2019 02:30:17"
"“This is about proving that Donald Trump was framed by the Democrats.” @RudyGiuliani https://t.co/GIadp3b0n3,09-30-2019 02:41:16"
"https://t.co/hbSLaM3rGk,09-30-2019 03:01:10"
"The Greatest Witch Hunt in the history of our Country!,09-30-2019 11:39:41"
"“China Trade Turmoil: China Urging a CALM AND RATIONAL Solution.” @MariaBartiromo @FoxBusiness China is doing very poorly while the USA under your favorite President’s leadership continues to soar to new heights - and despite the Do Nothing Democrats we have just begun!,09-30-2019 11:48:03"
"The Fake Whistleblower complaint is not holding up. It is mostly about the call to the Ukrainian President which in the name of transparency I immediately released to Congress &amp;  the public. The Whistleblower knew almost nothing its 2ND HAND description of the call is a fraud!,09-30-2019 12:03:39"
"Rep. Adam Schiff illegally made up a FAKE &amp; terrible statement pretended it to be mine as the most important part of my call to the Ukrainian President and read it aloud to Congress and the American people. It bore NO relationship to what I said on the call. Arrest for Treason?,09-30-2019 12:12:47"
"“After many years the United States is finally waking up to Beijing’s plans and ambitions to pass us as the dominant economic &amp; military superpower in the 21st Century. What’s happening now is that the U.S. is finally responding (thank you President Trump). This is taking.....,09-30-2019 12:31:55"
"....place in TRADE it’s taking shape in Military Competition.” Johnathan Ward author and China expert. We are winning and we will win. They should not have broken the deal we had with them. Happy Birthday China!,09-30-2019 12:31:56"
"Again the President of the Ukraine said THERE WAS NO (ZERO) PRESSURE PUT ON HIM BY ME. End of case!,09-30-2019 12:38:14"
"Again the President of Ukraine said there was NO (ZERO) PRESSURE PUT ON HIM BY ME. Case closed!,09-30-2019 12:40:56"
"WHO CHANGED THE LONG STANDING WHISTLEBLOWER RULES JUST BEFORE SUBMITTAL OF THE FAKE WHISTLEBLOWER REPORT? DRAIN THE SWAMP!,09-30-2019 12:43:43"
"#FakeWhistleblower,09-30-2019 12:44:59"
"“President Trump’s Job Approval Numbers have just reached the highest level since his Inauguration around 50% and you can add to that many votes from voters that don’t talk about their vote. Once they saw the President’s numbers going up they said ‘We gotta do something’ so..,09-30-2019 13:50:21"
"....they made this whole thing up. Impeachment is also a pre-emptive strike for what they think is coming on the Obama Administration’s handling of the 2016 Election.” Jim McLaughlin highly respected pollster. @WashTimes @FoxNews,09-30-2019 13:50:22"
"Very simple! I was looking for Corruption and also why Germany France and others in the European Union don’t do more for Ukraine. Why is it always the USA that does so much and puts up so much money for Ukraine and other countries? By the way the Bidens were corrupt!,09-30-2019 13:58:55"
"The Fake News Media wants to stay as far away as possible from the Ukraine and China deals made by the Bidens. A Corrupt Media is so bad for our Country! In actuality the Media may be even more Corrupt than the Bidens which is hard to do!,09-30-2019 14:03:30"
